"Track URI","Track Name","Artist URI(s)","Artist Name(s)","Album URI","Album Name","Album Artist URI(s)","Album Artist Name(s)","Album Release Date","Album Image URL","Disc Number","Track Number","Track Duration (ms)","Track Preview URL","Explicit","Popularity","ISRC","Added By","Added At"
"spotify:track:3h9XWvjgikKRXXpSCWT1gp","Fırtınalar","spotify:artist:5AboYJAlMb9FGadTTDKRoN","Ebru Gündeş","spotify:album:1tnlwu8SmyKxU2LkgwDNMT","Ben Daha Büyümedim","spotify:artist:5AboYJAlMb9FGadTTDKRoN","Ebru Gündeş","1995-03-16","https://i.scdn.co/image/ab67616d0000b2737d182dd74e7bcdb66252fe91","1","2","264600","https://p.scdn.co/mp3-preview/f578690e8d210c2e1d74cdd20e26a5a40b083441?cid=9950ac751e34487dbbe027c4fd7f8e99","false","56","TR8571000706","spotify:user:","1970-01-01T00:00:00Z"
"spotify:track:0dtIwQGTANCNpMVP1qrXM1","Sor","spotify:artist:7BJjzi0JHyDHAsmVe21dGa","Serdar Ortaç","spotify:album:0wJbxaUr4FeCXU0gi4kcVa","Mesafe","spotify:artist:7BJjzi0JHyDHAsmVe21dGa","Serdar Ortaç","2006-04-25","https://i.scdn.co/image/ab67616d0000b2736ec24cd9406bdeee20a36a4f","1","1","235213","https://p.scdn.co/mp3-preview/c6e7d55dd232ace9eb6418c1ad16ce7bac95ebc6?cid=9950ac751e34487dbbe027c4fd7f8e99","false","62","TR0070600011","spotify:user:","1970-01-01T00:00:00Z"
"spotify:track:58dGRQrNmAJeRMFuguUbvD","Go Down Deh (feat. Shaggy and Sean Paul)","spotify:artist:0wEvWMQRqaXcgnrZv6KtyL, spotify:artist:5EvFsr3kj42KNv97ZEnqij, spotify:artist:3Isy6kedDrgPYoTS1dazA9","Spice, Shaggy, Sean Paul","spotify:album:7pKLvzqcLuNx96e59VFREP","10","spotify:artist:0wEvWMQRqaXcgnrZv6KtyL","Spice","2021-08-06","https://i.scdn.co/image/ab67616d0000b2731443548e9f0e97cca50f749c","1","3","154151","https://p.scdn.co/mp3-preview/ccc41f7414af44222629120fdd4112f037749037?cid=9950ac751e34487dbbe027c4fd7f8e99","false","69","USVPR2100046","spotify:user:","1970-01-01T00:00:00Z"
"spotify:track:0DJDDTRaX2uQVPJBRjcjsF","16 Shots","spotify:artist:2ExGrw6XpbtUAJHTLtUXUD","Stefflon Don","spotify:album:0GU9HTZM4UMFAdyrYob9WP","Real Ting Mixtape","spotify:artist:2ExGrw6XpbtUAJHTLtUXUD","Stefflon Don","2016-12-16","https://i.scdn.co/image/ab67616d0000b2737ecc15a12ad9fa380bb99b36","1","7","224727","https://p.scdn.co/mp3-preview/eec31344fbd53f017cc664cf8907e4b3d76b6e66?cid=9950ac751e34487dbbe027c4fd7f8e99","true","58","US23A1500365","spotify:user:","1970-01-01T00:00:00Z"
"spotify:track:1lr5prHQn7Q766Ix6eGRKK","Freed from Desire (feat. Indiiana)","spotify:artist:3nmaO18tcMzfrrR7sdJHnH, spotify:artist:6oHCxanXnGoT4ntOtXwsWX","Drenchill, Indiiana","spotify:album:3zc3R5pVjF0r81hJc7gpBQ","Freed from Desire (feat. Indiiana)","spotify:artist:3nmaO18tcMzfrrR7sdJHnH, spotify:artist:6oHCxanXnGoT4ntOtXwsWX","Drenchill, Indiiana","2018-11-09","https://i.scdn.co/image/ab67616d0000b2738aff128278ab461897fd75bb","1","1","161453","https://p.scdn.co/mp3-preview/2340423931f65cc5b7af7bf2332c5f5e077bf9c4?cid=9950ac751e34487dbbe027c4fd7f8e99","false","69","DEMA61800740","spotify:user:","1970-01-01T00:00:00Z"
"spotify:track:1LLew0Q24EfhVRgHllvuf5","Çakmak Çakmak","spotify:artist:2IiSMrjpXiteqhISWXkdUG, spotify:artist:2yMN0IP20GOaN6q0p0zL5k","Sibel Can, Tarkan","spotify:album:3crwdW8zGlirHjsPvBV7Tq","Akşam Sefası","spotify:artist:2IiSMrjpXiteqhISWXkdUG","Sibel Can","2007-06-14","https://i.scdn.co/image/ab67616d0000b2733f0739f1baed67b87341cbb9","1","1","252520","https://p.scdn.co/mp3-preview/fec798dd6825aa0eed08b674a2933351648acc91?cid=9950ac751e34487dbbe027c4fd7f8e99","false","67","TR0070700061","spotify:user:","1970-01-01T00:00:00Z"
"spotify:track:4WtCKM99pYcl8pOAZI8Dbu","Ben Aptal mıyım","spotify:artist:1PpRPZXSS5ka7m5NW2TO7q","Nil Karaibrahimgil","spotify:album:2HYPBl4uMgym3HqkGexAuH","Nil FM","spotify:artist:1PpRPZXSS5ka7m5NW2TO7q","Nil Karaibrahimgil","2004-01-22","https://i.scdn.co/image/ab67616d0000b273a6efafd6e031ec3b3c6a3599","1","8","194946","https://p.scdn.co/mp3-preview/fe634d33d5e22a7d3c33de2157ad91744e079362?cid=9950ac751e34487dbbe027c4fd7f8e99","false","58","TRA160400007","spotify:user:","1970-01-01T00:00:00Z"
"spotify:track:1esZgaqm0YKN87CIP3orJ3","Rampampam","spotify:artist:5T0j6On1EthT2QVNXh8vqc","Minelli","spotify:album:2T8Pt4GzZ0CgaFeEugC1Zj","Rampampam","spotify:artist:5T0j6On1EthT2QVNXh8vqc","Minelli","2021-06-18","https://i.scdn.co/image/ab67616d0000b273a57204101e902c8ef5f6d61e","1","1","200211","https://p.scdn.co/mp3-preview/700dad061261efadd9fb0a7eb002f04872ab7e49?cid=9950ac751e34487dbbe027c4fd7f8e99","false","66","ROGRA2101471","spotify:user:","1970-01-01T00:00:00Z"
"spotify:track:38SZCSmXZJDoaEf0YjQQv6","Ölüyorum","spotify:artist:3hzijSzD6IwOV4SY2SiWQp","Hayko Cepkin","spotify:album:3M2ZvUUgry330fwhb66N8z","Tanışma Bitti","spotify:artist:3hzijSzD6IwOV4SY2SiWQp","Hayko Cepkin","2007-05-22","https://i.scdn.co/image/ab67616d0000b27326487cf0d65e180fdb4de36d","1","11","221253","https://p.scdn.co/mp3-preview/e65a2604dce982e57eddf8f4182780236d63d063?cid=9950ac751e34487dbbe027c4fd7f8e99","false","59","TRAAA0700012","spotify:user:","1970-01-01T00:00:00Z"
"spotify:track:4obMuJXFa9APNiFtlQHFBh","Tokyo","spotify:artist:00OLN5o0Ba1W6KkjRi5jWd, spotify:artist:5P4P6G0pubLi65R3zRnSCf","Dwin, Kush Kush","spotify:album:3vTD4MwDGe43XjKk0eNCNg","Tokyo","spotify:artist:00OLN5o0Ba1W6KkjRi5jWd, spotify:artist:5P4P6G0pubLi65R3zRnSCf","Dwin, Kush Kush","2020-11-13","https://i.scdn.co/image/ab67616d0000b273348349ed62f199d5a51c0dce","1","1","132890","https://p.scdn.co/mp3-preview/aabe2a516ccc1fd5f78848349783445b54fcdf82?cid=9950ac751e34487dbbe027c4fd7f8e99","false","64","DEXO42028110","spotify:user:","1970-01-01T00:00:00Z"
"spotify:track:7859Rvo6wXeImidBRL2dUZ","Padişah","spotify:artist:2IiSMrjpXiteqhISWXkdUG","Sibel Can","spotify:album:0cPDRCMFqgs0CFVaUyxCGt","Bu Devirde","spotify:artist:2IiSMrjpXiteqhISWXkdUG","Sibel Can","1997-06-23","https://i.scdn.co/image/ab67616d0000b27378978050aa78ce05fac4c36c","1","1","232160","https://p.scdn.co/mp3-preview/e0cfd0d3002d61293097bca875edd9eddd24cf0a?cid=9950ac751e34487dbbe027c4fd7f8e99","false","64","TR8571002078","spotify:user:","1970-01-01T00:00:00Z"
"spotify:track:7MrNIhgWoKht75AxhM0QlP","Remedy","spotify:artist:0YFn3NxI5ooU7IhGvRB5Yg, spotify:artist:3nmaO18tcMzfrrR7sdJHnH","Nora & Chris, Drenchill","spotify:album:13wCTAFQmBT53bMTK7R4oA","Remedy","spotify:artist:0YFn3NxI5ooU7IhGvRB5Yg, spotify:artist:3nmaO18tcMzfrrR7sdJHnH","Nora & Chris, Drenchill","2021-02-05","https://i.scdn.co/image/ab67616d0000b2732196600e7c6fbf3babc39c2e","1","1","149000","https://p.scdn.co/mp3-preview/dee7a82472aeb6893c853174bd082e2754fda586?cid=9950ac751e34487dbbe027c4fd7f8e99","false","50","DEMA61902480","spotify:user:","1970-01-01T00:00:00Z"
"spotify:track:154DPZSqgJ958y0d33MfPi","Afili Yalnızlık","spotify:artist:66vIaZFb8okZH0npc4eQ5q","emre aydın","spotify:album:0O9W5cdFwjgTOdBM1eH2zP","Afili Yalnızlık","spotify:artist:66vIaZFb8okZH0npc4eQ5q","emre aydın","2006-10-24","https://i.scdn.co/image/ab67616d0000b2738126564e2aa884a72e57f1ab","1","1","274106","https://p.scdn.co/mp3-preview/ddbdca9b565ad5c50ce96f33246889a474ec8278?cid=9950ac751e34487dbbe027c4fd7f8e99","false","59","TRA160600001","spotify:user:","1970-01-01T00:00:00Z"
"spotify:track:7fZBQnc0zXwVybgCIrQQil","Belly Dancer","spotify:artist:5rGrDvrLOV2VV8SCFVGWlj, spotify:artist:0Upxnyh9nIUNSOmNE8WF4R","Imanbek, BYOR","spotify:album:2npvQTpyjLtapBWTNTNlqn","Belly Dancer","spotify:artist:5rGrDvrLOV2VV8SCFVGWlj, spotify:artist:0Upxnyh9nIUNSOmNE8WF4R","Imanbek, BYOR","2022-02-18","https://i.scdn.co/image/ab67616d0000b273d7bdea3b1f6d05877fb48f38","1","1","151475","https://p.scdn.co/mp3-preview/e841a3a79214e1c7e71b1ca26e0d1fdf24938c05?cid=9950ac751e34487dbbe027c4fd7f8e99","false","83","NLZ542200165","spotify:user:","1970-01-01T00:00:00Z"
"spotify:track:7tbD2Rl5Rxs7836NFZBQxM","Birtanem - Night Club Mix","spotify:artist:50AOA3aPd6tc928KEYaljF","Yaşar","spotify:album:07yiI9ScrZV7DXiObRz6Sp","Divane","spotify:artist:50AOA3aPd6tc928KEYaljF","Yaşar","1996","https://i.scdn.co/image/ab67616d0000b273d6652ff2755bedbda0914b35","1","6","202120","https://p.scdn.co/mp3-preview/a80ac93cb8a26496a106dc592d909b09ffe00617?cid=9950ac751e34487dbbe027c4fd7f8e99","false","65","TR2240596106","spotify:user:","1970-01-01T00:00:00Z"
"spotify:track:01LN6vYm8nI8vJGMiQu8gc","Böyle Ayrılık Olmaz","spotify:artist:1QZYklqR55tZ6b5mK4LD41","Kolpa","spotify:album:0rhMtScbjN0xonZ3yyUoQG","Yatağın Soğuk Tarafı","spotify:artist:1QZYklqR55tZ6b5mK4LD41","Kolpa","2011","https://i.scdn.co/image/ab67616d0000b273fbef8a75691794dd500b4a98","1","8","215806","https://p.scdn.co/mp3-preview/b5fad20081a59bc232cc406cf1a75b8ba94174ab?cid=9950ac751e34487dbbe027c4fd7f8e99","false","58","TR0441005301","spotify:user:","1970-01-01T00:00:00Z"
"spotify:track:6JyMiVVXptfohf6S2zaAXv","Cennet","spotify:artist:5AboYJAlMb9FGadTTDKRoN","Ebru Gündeş","spotify:album:1vR42YBkOGkAk7eVHwH6Zh","Âşık","spotify:artist:5AboYJAlMb9FGadTTDKRoN","Ebru Gündeş","2019-01-31","https://i.scdn.co/image/ab67616d0000b27394f863c41c8c2f8c00e6432f","1","10","213073","https://p.scdn.co/mp3-preview/a03cb2a7fba70d600d5d63bdffc8f4f83151c9ce?cid=9950ac751e34487dbbe027c4fd7f8e99","false","65","TRBLG1800010","spotify:user:","1970-01-01T00:00:00Z"
"spotify:track:3e8mKYPfjTv3CZ7f5NRuIs","Şıkır Şıkır","spotify:artist:6hypPYDPSsgioRRfBXve38, spotify:artist:0mkH5jj3goQ51JtPKVodTo","Gülben Ergen, Mustafa Sandal","spotify:album:0QeVXuo6m1monAmcW2RnG3","Hayat Bi Gün...","spotify:artist:6hypPYDPSsgioRRfBXve38","Gülben Ergen","2011-08-11","https://i.scdn.co/image/ab67616d0000b273ed8489855b4ef44a1aa23c05","1","9","220473","https://p.scdn.co/mp3-preview/24591419ac9423bf96a63fa8f260cf53fcfc4c11?cid=9950ac751e34487dbbe027c4fd7f8e99","false","67","TR0221103282","spotify:user:","1970-01-01T00:00:00Z"
"spotify:track:27sRogaIuUA9UteLoPcEDw","Istanbul","spotify:artist:3JAjt6oAXVTMvCYHsc0tIC","Pamela","spotify:album:6kxmVD6n3fBihLqza974Ta","Sehir Rehberi","spotify:artist:3JAjt6oAXVTMvCYHsc0tIC","Pamela","2004-11-23","https://i.scdn.co/image/ab67616d0000b273f25d9be000eea220144cb93a","1","2","252333","https://p.scdn.co/mp3-preview/e18775716dd340e8aeec73d6fe6ef3b7162db084?cid=9950ac751e34487dbbe027c4fd7f8e99","false","63","TRA160400061","spotify:user:","1970-01-01T00:00:00Z"
"spotify:track:6dDHqJjTWOmWaAutbEpiwT","Şanıma İnanma","spotify:artist:64d1rUxfizSAOE9UbMnUZd","Sezen Aksu","spotify:album:1smWtLb75FHp95xJgBA5sa","Bahane","spotify:artist:64d1rUxfizSAOE9UbMnUZd","Sezen Aksu","2005-02-10","https://i.scdn.co/image/ab67616d0000b2738088410769434e7e0b64ac05","1","9","235773","https://p.scdn.co/mp3-preview/649dee5b72ee7d9b4f0d8b8754efaaed985877e6?cid=9950ac751e34487dbbe027c4fd7f8e99","false","64","TR0010501457","spotify:user:","1970-01-01T00:00:00Z"
"spotify:track:09XOVDSIbBxBf6Kr1vGnHf","Neyim Var Ki (feat. Sagopa K)","spotify:artist:28Qbi9jTj2eej21P2mImZI","Ceza","spotify:album:2rXqr1wMTX1ULlszIUT1lr","Rapstar","spotify:artist:28Qbi9jTj2eej21P2mImZI","Ceza","2004-07-01","https://i.scdn.co/image/ab67616d0000b2732a07bf1912730d354453a4ca","1","12","206693","https://p.scdn.co/mp3-preview/d6ce83113f07baf3bded22e72ce99e66302051e3?cid=9950ac751e34487dbbe027c4fd7f8e99","false","71","TR0640600088","spotify:user:","1970-01-01T00:00:00Z"
"spotify:track:0gn93i7HJt0calph67R5Wu","WTF (feat. Amber Van Day)","spotify:artist:5PlfkPxwCpRRWQJBxCa0By, spotify:artist:6NFRBhq9SmNn1FAiRs9AEf","HUGEL, Amber Van Day","spotify:album:6S7cBAToQ2mje6G1r2AKWS","WTF (feat. Amber Van Day)","spotify:artist:5PlfkPxwCpRRWQJBxCa0By, spotify:artist:6NFRBhq9SmNn1FAiRs9AEf","HUGEL, Amber Van Day","2018-11-30","https://i.scdn.co/image/ab67616d0000b2737906aea23909ce4932ceae2a","1","1","160686","https://p.scdn.co/mp3-preview/fb212e3152ba59652d6b9d710fda00a05b1b9d16?cid=9950ac751e34487dbbe027c4fd7f8e99","true","66","DEA621801857","spotify:user:","1970-01-01T00:00:00Z"
"spotify:track:23KCKQJ6FqCEW6bCi5J6bT","Hadi Çal","spotify:artist:7A6T0nTpXnPXDUGM1yEjEj","Derya Uluğ","spotify:album:4f6waNCGENUspZtUpTpZKa","Hadi Çal","spotify:artist:7A6T0nTpXnPXDUGM1yEjEj","Derya Uluğ","2022-04-22","https://i.scdn.co/image/ab67616d0000b273faeaadce229132886f00ee7e","1","1","156206","https://p.scdn.co/mp3-preview/c2e34d91c9babe9535e24e74f9f707954320cc47?cid=9950ac751e34487dbbe027c4fd7f8e99","false","68","TRAOJ2200005","spotify:user:","1970-01-01T00:00:00Z"
"spotify:track:6I9VzXrHxO9rA9A5euc8Ak","Toxic","spotify:artist:26dSoYclwsYLMAKD3tpOr4","Britney Spears","spotify:album:0z7pVBGOD7HCIB7S8eLkLI","In The Zone","spotify:artist:26dSoYclwsYLMAKD3tpOr4","Britney Spears","2003-11-13","https://i.scdn.co/image/ab67616d0000b273efc6988972cb04105f002cd4","1","6","198800","https://p.scdn.co/mp3-preview/6de2791f84c1d637a0e24734b6df3997cc742da4?cid=9950ac751e34487dbbe027c4fd7f8e99","false","86","USJI10301005","spotify:user:","1970-01-01T00:00:00Z"
"spotify:track:5R62yrYVMRZExYqxoPnQMn","Be Adam","spotify:artist:1F2v33FQTavJyaD7ZsyhdA","Gülşen","spotify:album:7eBVbINGumuJf9wYY55I18","Be Adam","spotify:artist:1F2v33FQTavJyaD7ZsyhdA","Gülşen","1996-07-11","https://i.scdn.co/image/ab67616d0000b273318b9f5934c2f40343ca97c3","1","1","207666","https://p.scdn.co/mp3-preview/ceeb409c9d6e1a04fa7e714cce3e5cae3e033857?cid=9950ac751e34487dbbe027c4fd7f8e99","false","65","TR0531202974","spotify:user:","1970-01-01T00:00:00Z"
"spotify:track:5I0g6XeCs2OnI1oOCvkTge","Step By Step","spotify:artist:5aWQFWWhzp922qrrJIAwUY, spotify:artist:6xqmiKO95KxwEiz8BQQauZ, spotify:artist:1aAW5k56ulsXw0ZEm6PpOS","Sleepy Chows, Antomage, Bromage","spotify:album:4eKMUXCmefHrBpS8AfPEHE","Step By Step","spotify:artist:5aWQFWWhzp922qrrJIAwUY, spotify:artist:6xqmiKO95KxwEiz8BQQauZ, spotify:artist:1aAW5k56ulsXw0ZEm6PpOS","Sleepy Chows, Antomage, Bromage","2021-03-05","https://i.scdn.co/image/ab67616d0000b2738c46036a54ce24703da097cc","1","1","136500","https://p.scdn.co/mp3-preview/2db920af2e4ad4b1c57998fbb08230e8a0ada94d?cid=9950ac751e34487dbbe027c4fd7f8e99","true","44","NLT2H2100224","spotify:user:","1970-01-01T00:00:00Z"
"spotify:track:5ZduaRci3iNUiDfJbBfAaf","Give It To Me - Full Vocal Mix","spotify:artist:21dVknSLCsK37cWozWDZZS","Matt Sassari","spotify:album:1jbRY71konakrKvDUiW7Rp","Give It To Me (Full Vocal Mix)","spotify:artist:21dVknSLCsK37cWozWDZZS","Matt Sassari","2021-10-22","https://i.scdn.co/image/ab67616d0000b2736a1e9d7201b74142e2d47b69","1","1","102860","https://p.scdn.co/mp3-preview/50081928cfabde0d63a4d78f893542711259652d?cid=9950ac751e34487dbbe027c4fd7f8e99","false","86","GBHAD2102631","spotify:user:","1970-01-01T00:00:00Z"
"spotify:track:0d4rto68XJzcTTzFQQ54eS","Kafam Senden Bile Güzel","spotify:artist:1QZYklqR55tZ6b5mK4LD41","Kolpa","spotify:album:0J7uTqnsTskpVptOCbCx4z","Aşk Ve Hayat Hakkında","spotify:artist:1QZYklqR55tZ6b5mK4LD41","Kolpa","2014-01-10","https://i.scdn.co/image/ab67616d0000b273fc589aba546107329ad69c3b","1","7","204509","https://p.scdn.co/mp3-preview/2ed16ea0373070569a6d4e30c25c2c14c7e38d7e?cid=9950ac751e34487dbbe027c4fd7f8e99","false","61","TR0441313207","spotify:user:","1970-01-01T00:00:00Z"
"spotify:track:78qd8dvwea0Gosb6Fe6j3k","Boss Bitch","spotify:artist:5cj0lLjcoR7YOSnhnX0Po5","Doja Cat","spotify:album:4pmyFpGicLLIgNPc1TQXKc","Boss Bitch","spotify:artist:5cj0lLjcoR7YOSnhnX0Po5","Doja Cat","2020-01-23","https://i.scdn.co/image/ab67616d0000b27310356a0e81371e6644cb1371","1","1","134239","https://p.scdn.co/mp3-preview/5703175744792dd4ac2353a2d2599d1d458a02b8?cid=9950ac751e34487dbbe027c4fd7f8e99","false","80","USAT21907355","spotify:user:","1970-01-01T00:00:00Z"
"spotify:track:0k2GOhqsrxDTAbFFSdNJjT","Temperature","spotify:artist:3Isy6kedDrgPYoTS1dazA9","Sean Paul","spotify:album:32Bu3ETQhR1PFCj3ndDlYf","The Trinity","spotify:artist:3Isy6kedDrgPYoTS1dazA9","Sean Paul","2005-09-26","https://i.scdn.co/image/ab67616d0000b27369ba684e533706bafe248ef3","1","11","218573","https://p.scdn.co/mp3-preview/fd0b2beda757e9b8dcaf04e71c1d6cada0659765?cid=9950ac751e34487dbbe027c4fd7f8e99","false","83","USAT20505520","spotify:user:","1970-01-01T00:00:00Z"
"spotify:track:6E90gq0KO6FYZVOXx8kCcC","Astronaut In The Ocean","spotify:artist:1uU7g3DNSbsu0QjSEqZtEd","Masked Wolf","spotify:album:6qNMYsx5OUFDXWAoct9Pge","Astronomical","spotify:artist:1uU7g3DNSbsu0QjSEqZtEd","Masked Wolf","2021-09-10","https://i.scdn.co/image/ab67616d0000b273580a07f13ece1bd30d37bd80","1","17","132780","https://p.scdn.co/mp3-preview/e89e477c2467c477031561ff801c055c5777de4f?cid=9950ac751e34487dbbe027c4fd7f8e99","true","72","USAT22100017","spotify:user:","1970-01-01T00:00:00Z"
"spotify:track:5pqH6aEfTKoFCr7IE6urm3","Mamma Mia (feat. Amber Van Day)","spotify:artist:5PlfkPxwCpRRWQJBxCa0By, spotify:artist:6NFRBhq9SmNn1FAiRs9AEf","HUGEL, Amber Van Day","spotify:album:1p2RB74tfWtjWVMu9OCAlZ","Mamma Mia (feat. Amber Van Day)","spotify:artist:5PlfkPxwCpRRWQJBxCa0By, spotify:artist:6NFRBhq9SmNn1FAiRs9AEf","HUGEL, Amber Van Day","2019-04-19","https://i.scdn.co/image/ab67616d0000b2737b0a4d8f6c15118ac8b3c80d","1","1","122009","https://p.scdn.co/mp3-preview/971afe776d9871162b346c898bd7f3f4bbd4fbaa?cid=9950ac751e34487dbbe027c4fd7f8e99","true","61","DEA621900257","spotify:user:","1970-01-01T00:00:00Z"
"spotify:track:5T6dWZIl0ePMxWUzKQbhji","Forgive Me","spotify:artist:586uxXMyD5ObPuzjtrzO1Q, spotify:artist:3t8WiyalpvnB9AObcMufiE","Sofi Tukker, Mahmut Orhan","spotify:album:1u54eF07irCSSssyDG67R2","WET TENNIS","spotify:artist:586uxXMyD5ObPuzjtrzO1Q","Sofi Tukker","2022-04-29","https://i.scdn.co/image/ab67616d0000b273035ef25cd05ffba3078e7027","1","4","225437","https://p.scdn.co/mp3-preview/44beed259ff71ba846f533634178eb6e85fe7691?cid=9950ac751e34487dbbe027c4fd7f8e99","false","56","QM37X2100014","spotify:user:","1970-01-01T00:00:00Z"
"spotify:track:6qLGmqg7yfTVotHvxVClZ8","Yerli Plaka","spotify:artist:28Qbi9jTj2eej21P2mImZI","Ceza","spotify:album:10CwjWqsjmBVbs1eOHcFz5","Yerli Plaka","spotify:artist:28Qbi9jTj2eej21P2mImZI","Ceza","2007-02-13","https://i.scdn.co/image/ab67616d0000b2734a7f13cd6d9d7d1ab9bfda35","1","2","274693","https://p.scdn.co/mp3-preview/371838d77687478cb264f1ec6da1e92798d7ef72?cid=9950ac751e34487dbbe027c4fd7f8e99","false","66","TR0640600017","spotify:user:","1970-01-01T00:00:00Z"
"spotify:track:4BkoGbx5pu2tlhFYymGgOi","Harika","spotify:artist:5AboYJAlMb9FGadTTDKRoN","Ebru Gündeş","spotify:album:4qVhbJmTGKwexO8waGFXVv","Evet","spotify:artist:5AboYJAlMb9FGadTTDKRoN","Ebru Gündeş","2008-09-25","https://i.scdn.co/image/ab67616d0000b273acce0f8c49ab26e07d133ecc","1","1","198608","https://p.scdn.co/mp3-preview/be36c9a276bc186a6a462e5f5a0ccf56d667815a?cid=9950ac751e34487dbbe027c4fd7f8e99","false","60","TR0070800144","spotify:user:","1970-01-01T00:00:00Z"
"spotify:track:2luWadHsYhuZJF54vw4bTb","Ne Kavgam Bitti Ne Sevdam","spotify:artist:1F2v33FQTavJyaD7ZsyhdA","Gülşen","spotify:album:6R8QbB63ayHacv4GnR2mCr","Yurtta Aşk Cihanda Aşk","spotify:artist:1F2v33FQTavJyaD7ZsyhdA","Gülşen","2006","https://i.scdn.co/image/ab67616d0000b2734f806bc070195c0f3c73858b","1","17","206360","https://p.scdn.co/mp3-preview/9ec1e059b0386ff8511415f88d8d28bc36e20b8f?cid=9950ac751e34487dbbe027c4fd7f8e99","false","66","TR0210600133","spotify:user:","1970-01-01T00:00:00Z"
"spotify:track:2PM7eyNsUUSONwJQBm1gxC","Kandıramazsın Beni (Selam Yalnızlık)","spotify:artist:6hypPYDPSsgioRRfBXve38","Gülben Ergen","spotify:album:4ra1H98txBG3FjHidYBOjX","Uçacaksın","spotify:artist:6hypPYDPSsgioRRfBXve38","Gülben Ergen","2004-02-16","https://i.scdn.co/image/ab67616d0000b273c89990dd965bde09330417fc","1","4","237480","https://p.scdn.co/mp3-preview/b17209368bb244a3629f2ff410954b54ee5d2339?cid=9950ac751e34487dbbe027c4fd7f8e99","false","55","TR0220500205","spotify:user:","1970-01-01T00:00:00Z"
"spotify:track:1JvUmKSl9Mg6mQnmbjLYyz","Suspus","spotify:artist:28Qbi9jTj2eej21P2mImZI","Ceza","spotify:album:1VQUcp2UiwP7EEqGlbWRjg","Suspus","spotify:artist:28Qbi9jTj2eej21P2mImZI","Ceza","2015-05-06","https://i.scdn.co/image/ab67616d0000b27309dd7da0003a4a677e21f2c5","1","2","248786","https://p.scdn.co/mp3-preview/f6df31ff454a7b3883b419eff3c381ae30a373a6?cid=9950ac751e34487dbbe027c4fd7f8e99","false","63","TR2181519402","spotify:user:","1970-01-01T00:00:00Z"
"spotify:track:4zTOUtukd52LzS3bLWwzGc","Çingenem","spotify:artist:5AboYJAlMb9FGadTTDKRoN","Ebru Gündeş","spotify:album:4fXbwXl9agxf4EWkLZZlqy","Dön Ne Olur","spotify:artist:5AboYJAlMb9FGadTTDKRoN","Ebru Gündeş","1999-12-21","https://i.scdn.co/image/ab67616d0000b273202e403474e22c7d7575dd2a","1","2","190800","https://p.scdn.co/mp3-preview/1e913ed4c9f834c93c7f47b6995d7f89cb710d74?cid=9950ac751e34487dbbe027c4fd7f8e99","false","70","TR8571000742","spotify:user:","1970-01-01T00:00:00Z"
"spotify:track:3717eMglfGPYr9YKzdsiho","Serseri","spotify:artist:40KlwpvpKEQtZTJgbml8lT","Teoman","spotify:album:1jmTAyGznVqU7jX9w7OanQ","Eski Bir Rüya Uğruna...","spotify:artist:40KlwpvpKEQtZTJgbml8lT","Teoman","2015-03-16","https://i.scdn.co/image/ab67616d0000b273a8d2d4187ec1a616d97b57d2","1","3","221155","https://p.scdn.co/mp3-preview/acc1ffb1e68a68f9c2675d88cd95e7c0d2a1a2bf?cid=9950ac751e34487dbbe027c4fd7f8e99","false","65","TR0531505505","spotify:user:","1970-01-01T00:00:00Z"
"spotify:track:4k38Yez6CcsKyD8mJd44nq","Affetmem","spotify:artist:7CW2eGwAuElNq09rVtZYsM","Sena Şener","spotify:album:4wAlRrIk3lrX5RacbUVTT5","Affetmem","spotify:artist:7CW2eGwAuElNq09rVtZYsM","Sena Şener","2020-09-18","https://i.scdn.co/image/ab67616d0000b273a2b491f1dc865339641e7d3a","1","1","197582","https://p.scdn.co/mp3-preview/f216bc3cb21b296719b491b79c750d765e33f029?cid=9950ac751e34487dbbe027c4fd7f8e99","false","55","TR0442025803","spotify:user:","1970-01-01T00:00:00Z"
"spotify:track:1lo7E3Du67adrmc8GWA5k5","Elefante","spotify:artist:3YkZxu7ClLCOqRJG7CxlK7","NK","spotify:album:1haMIJRWaxS2Skbn5J8L95","Ecléctica","spotify:artist:3YkZxu7ClLCOqRJG7CxlK7","NK","2020-09-18","https://i.scdn.co/image/ab67616d0000b273442da28c17c9faa1ac25ee22","1","1","162082","https://p.scdn.co/mp3-preview/9b96ec696cc1ee342139fd3f37f1518e4905f774?cid=9950ac751e34487dbbe027c4fd7f8e99","false","52","FR96X1964559","spotify:user:","1970-01-01T00:00:00Z"
"spotify:track:2kXTbr9J7u0IIA14xBu9Eq","Nazende Sevgilim","spotify:artist:46HyO18Ou1UzcbDKInq3ZH","Figen Genç","spotify:album:5hBeR2jxpTQtY4CG7Q4Ob2","Nazende Sevgilim","spotify:artist:46HyO18Ou1UzcbDKInq3ZH","Figen Genç","1999-05-20","https://i.scdn.co/image/ab67616d0000b273a008a83d2bd3d382efabad1e","1","1","230453","https://p.scdn.co/mp3-preview/f8c79a0773e7a158b59d73bba9e369c636340851?cid=9950ac751e34487dbbe027c4fd7f8e99","false","63","TR2100600368","spotify:user:","1970-01-01T00:00:00Z"
"spotify:track:5yGn9fdeTXNm5LWeDq5eMF","Düşler Sokağı","spotify:artist:7MZj0XxqxlCZPj6JsMQq0Z","Feridun Düzağaç","spotify:album:0dzcQsBMNvGBGxzISImHy8","Orjinal Alt Yazılı","spotify:artist:7MZj0XxqxlCZPj6JsMQq0Z","Feridun Düzağaç","2013-03-11","https://i.scdn.co/image/ab67616d0000b2734e6154c1cd4f23275df50a75","1","6","269960","https://p.scdn.co/mp3-preview/1f974a907b60f7f25abbc886862c2ee2d30d9df9?cid=9950ac751e34487dbbe027c4fd7f8e99","false","59","TR2170600672","spotify:user:","1970-01-01T00:00:00Z"
"spotify:track:3sgBQybW08n0CzVmkOEtAp","Aşkın Ateşi","spotify:artist:08mjMUUjyTchMHCW7evc3R","Hande Yener","spotify:album:1nCMPlFrc0QMgFdu70v9as","Apayrı","spotify:artist:08mjMUUjyTchMHCW7evc3R","Hande Yener","2006-06-04","https://i.scdn.co/image/ab67616d0000b273f93696a7ad36866c1d168b16","1","8","232280","https://p.scdn.co/mp3-preview/56a8f3a54206cdbe3ca28594959be90f78edbdff?cid=9950ac751e34487dbbe027c4fd7f8e99","false","67","TR0210600090","spotify:user:","1970-01-01T00:00:00Z"
"spotify:track:5T4DlSBcqRhKdUljhPFb5D","Bi Seni Konuşurum","spotify:artist:4i4ALRtQQmFxn3BCIB6iC0","Göksel","spotify:album:0EH7frrwJOk95DTwY0bDu1","Arka Bahçem","spotify:artist:4i4ALRtQQmFxn3BCIB6iC0","Göksel","2005-05-11","https://i.scdn.co/image/ab67616d0000b273c0aeb42f4b7aeb6cf754be49","1","3","230413","https://p.scdn.co/mp3-preview/b00fcf2ee8c47e2838b2b507e2569d660b9eef53?cid=9950ac751e34487dbbe027c4fd7f8e99","false","62","TRA160500003","spotify:user:","1970-01-01T00:00:00Z"
"spotify:track:7rRTTp1vVxZaQZoLw1195A","Aşk Eski Bir Yalan","spotify:artist:72Jq4Qx7m1XizJTU5jv9Wj, spotify:artist:64p15aiOeKaCsivn1tZVrI","Armut, 173","spotify:album:6CuWThR1sDFQtfeKGBaolV","Aşk Eski Bir Yalan","spotify:artist:72Jq4Qx7m1XizJTU5jv9Wj, spotify:artist:64p15aiOeKaCsivn1tZVrI","Armut, 173","2012-10-26","https://i.scdn.co/image/ab67616d0000b2736cece94680b19bbc13d37877","1","1","141688","","false","38","TR8281200249","spotify:user:","1970-01-01T00:00:00Z"
"spotify:track:1DIXPcTDzTj8ZMHt3PDt8p","Gangsta's Paradise","spotify:artist:3y24n3XhZ96wgwRXjvS17T, spotify:artist:2LhsePRtgCo4THVKULQBL7","Coolio, L.V.","spotify:album:0BJYNipGyMrw4ngKDJXzXZ","Gangsta's Paradise","spotify:artist:3y24n3XhZ96wgwRXjvS17T","Coolio","1995-11-07","https://i.scdn.co/image/ab67616d0000b273c31d3c870a3dbaf7b53186cc","1","2","240693","https://p.scdn.co/mp3-preview/1454c63a66c27ac745f874d6c113270a9c62d28e?cid=9950ac751e34487dbbe027c4fd7f8e99","false","88","USTB10400128","spotify:user:","1970-01-01T00:00:00Z"
"spotify:track:3fr2IjdwSb8nIHsPI6ezIY","Fenomen (feat. Ceza)","spotify:artist:4B744cRUGT2IOu9Uuh7Ad7, spotify:artist:28Qbi9jTj2eej21P2mImZI","Ayben, Ceza","spotify:album:1w1reGx453BRPSMXcnlLnS","Başkan","spotify:artist:4B744cRUGT2IOu9Uuh7Ad7","Ayben","2017-11-24","https://i.scdn.co/image/ab67616d0000b273753c631cbfdffac999e6c178","1","5","233590","https://p.scdn.co/mp3-preview/2afeba02dc9d5f20d61e69f380ac34f971f6ddca?cid=9950ac751e34487dbbe027c4fd7f8e99","false","45","TRA161700834","spotify:user:","1970-01-01T00:00:00Z"
"spotify:track:4o4kbDP7DMVFPwAf5D5bj9","Aşkın Olayım","spotify:artist:4StjyzjcmZ7a9QncHVf0pu","Simge","spotify:album:3q1dbJRFdUAdvRcq7Kmwra","Ben Bazen","spotify:artist:4StjyzjcmZ7a9QncHVf0pu","Simge","2018-06-01","https://i.scdn.co/image/ab67616d0000b2738ffe0967a3b236d34428b19a","1","7","251780","https://p.scdn.co/mp3-preview/bff03a6d59cbdefb9a993d493ebf3b78e2803000?cid=9950ac751e34487dbbe027c4fd7f8e99","false","74","TR0011800237","spotify:user:","1970-01-01T00:00:00Z"
"spotify:track:625VGPqFsGw96PM609TOrs","Son Arzum","spotify:artist:5Ip3Eje7dzsa2I38I1izYO","Skapova","spotify:album:2zeROvFuslIYtZuElzXZIx","Son Arzum","spotify:artist:5Ip3Eje7dzsa2I38I1izYO","Skapova","2022-09-05","https://i.scdn.co/image/ab67616d0000b273eab3304cd727f9d56957c9d7","1","1","203128","https://p.scdn.co/mp3-preview/33b8f6cc6fd1edb7bb2f04101060f3fad8fe8ea6?cid=9950ac751e34487dbbe027c4fd7f8e99","false","68","TRBUL2200050","spotify:user:","1970-01-01T00:00:00Z"
"spotify:track:7KyNmvyEW7Cv4EHJwXQfS7","Dağılmak İstiyorum","spotify:artist:6xLv41SHPrVVfvyGd1M7ut, spotify:artist:23xJQJM7peht77DF6YNEoq","Ozan Doğulu, Model","spotify:album:7rsL05Cin8vJdo4xsbpTGx","130 Bpm Quartet","spotify:artist:6xLv41SHPrVVfvyGd1M7ut","Ozan Doğulu","2014","https://i.scdn.co/image/ab67616d0000b273df24165afe01eaf9ee1125f8","3","1","208274","https://p.scdn.co/mp3-preview/f0275eada5dfc45216e389afffd647ab0561385c?cid=9950ac751e34487dbbe027c4fd7f8e99","false","60","TR0011200128","spotify:user:","1970-01-01T00:00:00Z"
"spotify:track:1ixFMrUVX7HMSctONowS3G","Swing - Mahmut Orhan Remix","spotify:artist:586uxXMyD5ObPuzjtrzO1Q, spotify:artist:3t8WiyalpvnB9AObcMufiE","Sofi Tukker, Mahmut Orhan","spotify:album:06yKFgvSkOVfq6CIc2icWL","Swing (Mahmut Orhan Remix)","spotify:artist:586uxXMyD5ObPuzjtrzO1Q, spotify:artist:3t8WiyalpvnB9AObcMufiE","Sofi Tukker, Mahmut Orhan","2019-08-16","https://i.scdn.co/image/ab67616d0000b273ac60e0f65b3c2aabc8e4ff58","1","1","269431","https://p.scdn.co/mp3-preview/da98176f95ea37885034c4bf4e8bbd700a66752f?cid=9950ac751e34487dbbe027c4fd7f8e99","false","60","QM37X1900016","spotify:user:","1970-01-01T00:00:00Z"
"spotify:track:1gGbyvpKsrVqx2LW84plsJ","Mor Yazma","spotify:artist:0yXr7HHsbJlVaU8kBhRcny","Umut Kaya","spotify:album:2MySecSJ9oeWRaTVy68RKp","Umut Kaya","spotify:artist:0yXr7HHsbJlVaU8kBhRcny","Umut Kaya","2008-11-27","https://i.scdn.co/image/ab67616d0000b2738580a793126c4e50aa679a18","1","3","199041","https://p.scdn.co/mp3-preview/10af2ab369a4dd8dbfc8f39241cefcd794ffba55?cid=9950ac751e34487dbbe027c4fd7f8e99","false","63","TR6200800035","spotify:user:","1970-01-01T00:00:00Z"
"spotify:track:4tEmDXTjyI9AHnDaFvHnya","Aklımı Kaçırdım","spotify:artist:4otJVkrLLqDF8OxFJOigme","Mavi Gri","spotify:album:6EzCL9ZUKI467vjrOpGYPu","İlkyaz Yağmuru","spotify:artist:4otJVkrLLqDF8OxFJOigme","Mavi Gri","2018-05-25","https://i.scdn.co/image/ab67616d0000b273cd5b7aeb775673f40fb865b5","1","1","184032","https://p.scdn.co/mp3-preview/577306ac2dee6ee6067c827361d3fb55a6a7d0c6?cid=9950ac751e34487dbbe027c4fd7f8e99","false","64","TR0351800007","spotify:user:","1970-01-01T00:00:00Z"
"spotify:track:1cDvFWYfap0eQ3c86jPcRG","Yalakanım Bebeğim","spotify:artist:4sldxVDeyb0J8OMoYApqfV","Kalben","spotify:album:3ETbFTNmbuKtqoRtnmjTI0","Sonsuza Kadar","spotify:artist:4sldxVDeyb0J8OMoYApqfV","Kalben","2017-11-06","https://i.scdn.co/image/ab67616d0000b2734a55bde3a9ca9c2c68912956","1","10","152671","https://p.scdn.co/mp3-preview/a6ccadc5bbc2e681806d0cbb9e05d144ae3c9513?cid=9950ac751e34487dbbe027c4fd7f8e99","false","64","TRBDY1702110","spotify:user:","1970-01-01T00:00:00Z"
"spotify:track:5vbUKpzqUdNHi68OmxdmBC","Benden Bir Tane Daha Yok","spotify:artist:08mjMUUjyTchMHCW7evc3R","Hande Yener","spotify:album:4TMsAIQX08fIY9pfSE2y7G","Afrodizyak","spotify:artist:08mjMUUjyTchMHCW7evc3R","Hande Yener","2023-06-23","https://i.scdn.co/image/ab67616d0000b273b2a5ec0d4605c3fc1efda737","1","15","139252","https://p.scdn.co/mp3-preview/f009a368199d24e6b4703fb85dd0ba7f286e28f3?cid=9950ac751e34487dbbe027c4fd7f8e99","false","62","TR0392300317","spotify:user:","1970-01-01T00:00:00Z"
"spotify:track:5nuGiGWV1tGsLYqi0Y8RmZ","Hele Bi Gel","spotify:artist:4Bdqzh78prwuqwInMb555P","Pinhani","spotify:album:4hQKu5j0jiexssaQc8A2HQ","İnandığın Masallar","spotify:artist:4Bdqzh78prwuqwInMb555P","Pinhani","2006-03-06","https://i.scdn.co/image/ab67616d0000b273c3d902df0fa095aa87fd94db","1","3","231317","https://p.scdn.co/mp3-preview/31f356f2732e691503cda2fe18f35cb7b0c23a7c?cid=9950ac751e34487dbbe027c4fd7f8e99","false","63","TR5460700394","spotify:user:","1970-01-01T00:00:00Z"
"spotify:track:3M6U1RZt2xU6GuVk80pIO0","Moment - Mahmut Orhan Remix","spotify:artist:1uaDw0T6O916Kv8TxJsQzb, spotify:artist:7ypPN35cJ9wfF2Zs7aYS33, spotify:artist:3t8WiyalpvnB9AObcMufiE","PaulWetz, Dillistone, Mahmut Orhan","spotify:album:5aBDwb8E9GJvQruSw0eyrx","Moment (Mahmut Orhan Remix)","spotify:artist:1uaDw0T6O916Kv8TxJsQzb, spotify:artist:7ypPN35cJ9wfF2Zs7aYS33, spotify:artist:3t8WiyalpvnB9AObcMufiE","PaulWetz, Dillistone, Mahmut Orhan","2022-07-22","https://i.scdn.co/image/ab67616d0000b273b5394bb01dcb838149dd2ebe","1","1","230046","https://p.scdn.co/mp3-preview/ca3e99bad151a7612b0887cf011e227a8dbe345d?cid=9950ac751e34487dbbe027c4fd7f8e99","false","61","DES232200350","spotify:user:","1970-01-01T00:00:00Z"
"spotify:track:64dzPbchbmMzqXHNJa2n1G","Eğlen Güzelim","spotify:artist:27XMnTLvCO7t3qGlQyTMkF","Ajda Pekkan","spotify:album:0kAqa38FLfxk52AeXAoZpy","Ajda Pekkan","spotify:artist:27XMnTLvCO7t3qGlQyTMkF","Ajda Pekkan","1996-08-21","https://i.scdn.co/image/ab67616d0000b273799de5d0627c7c836eaba305","1","1","262000","https://p.scdn.co/mp3-preview/0ca3a1e0ee8a763cf3bc1688950b64546d4ce780?cid=9950ac751e34487dbbe027c4fd7f8e99","false","56","TR7870900041","spotify:user:","1970-01-01T00:00:00Z"
"spotify:track:3tCCD2qQLdC99YkRwGPSsx","Kumralım","spotify:artist:50AOA3aPd6tc928KEYaljF","Yaşar","spotify:album:07yiI9ScrZV7DXiObRz6Sp","Divane","spotify:artist:50AOA3aPd6tc928KEYaljF","Yaşar","1996","https://i.scdn.co/image/ab67616d0000b273d6652ff2755bedbda0914b35","1","2","210840","https://p.scdn.co/mp3-preview/882dd16ebd7859d3b8429a65308fd037ffb7cefa?cid=9950ac751e34487dbbe027c4fd7f8e99","false","71","TR2240596102","spotify:user:","1970-01-01T00:00:00Z"
"spotify:track:3L8SvgfqK9Xb26rV4kq5Xt","Tastamam","spotify:artist:3vJJGsSAF5zQegZo5sJEh6","Can Bonomo","spotify:album:6mjj1uee1pMN5VvrekxIYT","Bulunmam Gerek","spotify:artist:3vJJGsSAF5zQegZo5sJEh6","Can Bonomo","2014-12-15","https://i.scdn.co/image/ab67616d0000b27380cb1ec0ca1c857dfccecfde","1","2","196629","https://p.scdn.co/mp3-preview/015e31a7f1cbc0fde15dd606c790a841a17bc651?cid=9950ac751e34487dbbe027c4fd7f8e99","false","61","TR0531405461","spotify:user:","1970-01-01T00:00:00Z"
"spotify:track:5tM5kDTxYKCFJzlfyXiTpF","Kafa","spotify:artist:5gFPi3KWXEwA9bLEO47Ow0","Sıla","spotify:album:2zSzfMd1A2eMjqljtZUX9f","Konuşmadığımız Şeyler Var","spotify:artist:5gFPi3KWXEwA9bLEO47Ow0","Sıla","2010-11-29","https://i.scdn.co/image/ab67616d0000b273c7086a44c158a03c28c657ea","1","3","177733","https://p.scdn.co/mp3-preview/6c537124d55f3b8e782ad378c7f2acd7b9b2fd5d?cid=9950ac751e34487dbbe027c4fd7f8e99","false","62","TRA161000209","spotify:user:","1970-01-01T00:00:00Z"
"spotify:track:5EbVuS3Oe20q97M1lfn3yn","Yaz Yaz Yaz","spotify:artist:27XMnTLvCO7t3qGlQyTMkF","Ajda Pekkan","spotify:album:7CSsoqlsQaesKiLw2qdt1f","1990","spotify:artist:27XMnTLvCO7t3qGlQyTMkF","Ajda Pekkan","1990-02-14","https://i.scdn.co/image/ab67616d0000b2732ee0a2a38d7f6b938d9718dc","1","1","252773","https://p.scdn.co/mp3-preview/5c2695f2a97dc970865e3a34dc86f3b8f357658d?cid=9950ac751e34487dbbe027c4fd7f8e99","false","56","TR0070500189","spotify:user:","1970-01-01T00:00:00Z"
"spotify:track:4eMwobkGjF1KlhGrMA3lGy","Sana Değer","spotify:artist:4525TiJDbBD4mZJ7EZArT0","Yıldız Tilbe","spotify:album:6amU0tJiuNFETnztfFdive","Delikanlım","spotify:artist:4525TiJDbBD4mZJ7EZArT0","Yıldız Tilbe","1994-06-15","https://i.scdn.co/image/ab67616d0000b273c1d3fb2ab3a9596bc475c8bd","1","3","278040","https://p.scdn.co/mp3-preview/19f1720876d48699facd9732de3a5b6a73fda84f?cid=9950ac751e34487dbbe027c4fd7f8e99","false","61","TR7870900232","spotify:user:","1970-01-01T00:00:00Z"
"spotify:track:4DIgXpNk216oU44hPmyxy6","Rüyamda Buluttum","spotify:artist:3vJJGsSAF5zQegZo5sJEh6, spotify:artist:5PZbAEIJg4YfrzvOIfdzbD","Can Bonomo, Demet Evgar","spotify:album:6GuB5ytaOBqaiK4dFXc86C","Rüyamda Buluttum / Acı Kiraz","spotify:artist:3vJJGsSAF5zQegZo5sJEh6","Can Bonomo","2021-08-13","https://i.scdn.co/image/ab67616d0000b2739fc586a74cea41f43e131a8e","1","1","206998","https://p.scdn.co/mp3-preview/688206e7a63d4f6e667c09d5ac4048f844da0697?cid=9950ac751e34487dbbe027c4fd7f8e99","false","59","TR0532114378","spotify:user:","1970-01-01T00:00:00Z"
"spotify:track:7F7wjOxu8yp9yWxIKtPFRl","Meyhaneler Sen...","spotify:artist:21ppfKgGToa81HQE0kET5P","Gece Yolcuları","spotify:album:7u4J90GFjGl7bp4fnZyYeY","Neden?","spotify:artist:21ppfKgGToa81HQE0kET5P","Gece Yolcuları","2013-01-01","https://i.scdn.co/image/ab67616d0000b273a712830a1c7dfd86f97ca4b2","1","2","278640","https://p.scdn.co/mp3-preview/816a7017cf733a035e3fc88e1acbf4490025f5aa?cid=9950ac751e34487dbbe027c4fd7f8e99","false","62","TRAAA1300002","spotify:user:","1970-01-01T00:00:00Z"
"spotify:track:5eRKvlw6AA3TfOdAmnBsfm","Koca Yaşlı Şişko Dünya","spotify:artist:1g4J8P1JWwanNyyXckRX5W","Adamlar","spotify:album:1PWt33o6bqD5dQZPtO133D","Eski Dostum Tankla Gelmiş","spotify:artist:1g4J8P1JWwanNyyXckRX5W","Adamlar","2014-09-08","https://i.scdn.co/image/ab67616d0000b273956b9f22e3d5bb055c905815","1","4","233722","https://p.scdn.co/mp3-preview/dbd5bc635b735a30c9bd0b6ba65ca33ba710a278?cid=9950ac751e34487dbbe027c4fd7f8e99","false","63","TR0351400185","spotify:user:","1970-01-01T00:00:00Z"
"spotify:track:2ENexcMEMsYk0rVJigVD3i","Only Girl (In The World)","spotify:artist:5pKCCKE2ajJHZ9KAiaK11H","Rihanna","spotify:album:5QG3tjE5L9F6O2vCAPph38","Loud (Japan Version)","spotify:artist:5pKCCKE2ajJHZ9KAiaK11H","Rihanna","2010-01-01","https://i.scdn.co/image/ab67616d0000b27331548865f7c729290b96c794","1","5","235493","https://p.scdn.co/mp3-preview/ee800fcd3f6b738d5ffe78de8c958eaa2c4de291?cid=9950ac751e34487dbbe027c4fd7f8e99","false","86","USUM71023200","spotify:user:","1970-01-01T00:00:00Z"
"spotify:track:5EkbLi5GqMfO9ei6hJi4K7","Bahar","spotify:artist:51YBtWvwOP37hIGmnxf4yC","Candan Erçetin","spotify:album:6fnw66YtkWOyV5jyoCQuIi","Kırık Kalpler Durağında","spotify:artist:51YBtWvwOP37hIGmnxf4yC","Candan Erçetin","2009-12-12","https://i.scdn.co/image/ab67616d0000b27340d87d1af4e42290bd877a83","1","11","257230","https://p.scdn.co/mp3-preview/4d11a61565d07cc391b63d5324150bd5c57c823d?cid=9950ac751e34487dbbe027c4fd7f8e99","false","56","TR0440904911","spotify:user:","1970-01-01T00:00:00Z"
"spotify:track:5pRYlG0LqPhBdRDB8wJV5i","Yalancı Bahar","spotify:artist:2fYdUIUPS7aDdWCzb8Aw2k","Aşkın Nur Yengi","spotify:album:7sU1UbJcVwcZf7LWNWflE8","Aşkın Nur Yengi","spotify:artist:2fYdUIUPS7aDdWCzb8Aw2k","Aşkın Nur Yengi","2002-04-05","https://i.scdn.co/image/ab67616d0000b273b1e592472579122a73fea9a5","1","5","218373","https://p.scdn.co/mp3-preview/d61641bd050c184f1db1f278907308fecc9ea7bf?cid=9950ac751e34487dbbe027c4fd7f8e99","false","69","TR0070501017","spotify:user:","1970-01-01T00:00:00Z"
"spotify:track:7ohxCJuCDwDn7DyNmKveE8","Yak Gel","spotify:artist:6g7GF7BLC41JTHJwgB4wQW","Funda Arar","spotify:album:2SmMu3VsMS6NBpXCnSNxYj","Zamanın Eli","spotify:artist:6g7GF7BLC41JTHJwgB4wQW","Funda Arar","2009-02-16","https://i.scdn.co/image/ab67616d0000b2735d95cfb7515feb5443979ce2","1","12","240187","https://p.scdn.co/mp3-preview/b83fdbb2853781ec332d5f805c6adfdbb265a0da?cid=9950ac751e34487dbbe027c4fd7f8e99","false","66","TR0110900688","spotify:user:","1970-01-01T00:00:00Z"
"spotify:track:56XOvExddXQgKBSDNJ2nIT","Hakkında Her Şeyi Duymak İstiyorum (Şekerli Versiyon)","spotify:artist:1PpRPZXSS5ka7m5NW2TO7q","Nil Karaibrahimgil","spotify:album:5PkACDxAuP1HZ6s0aEBQC8","Ben Buraya Çıplak Geldim","spotify:artist:1PpRPZXSS5ka7m5NW2TO7q","Nil Karaibrahimgil","2012-06-19","https://i.scdn.co/image/ab67616d0000b27373fb8839ac5fd05f26c22be0","1","4","219585","https://p.scdn.co/mp3-preview/21af22dbaabe1573b0a72c082c324c24548d3a05?cid=9950ac751e34487dbbe027c4fd7f8e99","false","59","TR9491200023","spotify:user:","1970-01-01T00:00:00Z"
"spotify:track:2aUycmP66tY4wr3zt1sGc0","Dem","spotify:artist:3vJJGsSAF5zQegZo5sJEh6","Can Bonomo","spotify:album:6mjj1uee1pMN5VvrekxIYT","Bulunmam Gerek","spotify:artist:3vJJGsSAF5zQegZo5sJEh6","Can Bonomo","2014-12-15","https://i.scdn.co/image/ab67616d0000b27380cb1ec0ca1c857dfccecfde","1","1","193436","https://p.scdn.co/mp3-preview/647c80585032e5b3e8f24adf76c6bcd2d6054451?cid=9950ac751e34487dbbe027c4fd7f8e99","false","63","TR0531405460","spotify:user:","1970-01-01T00:00:00Z"
"spotify:track:3ZjIDrTnOdTyw8u56m5kgB","Duvar","spotify:artist:7gcpWHccoirYLWCkHgyKtI","Zeynep Casalini","spotify:album:5Qr91DNV8R1CiBkG0FBI55","Nihayet","spotify:artist:7gcpWHccoirYLWCkHgyKtI","Zeynep Casalini","2004-01-01","https://i.scdn.co/image/ab67616d0000b2732106e61a96de59c3a52747d4","1","2","253960","https://p.scdn.co/mp3-preview/e5387aa6864be8a029f51242aba333399b6bb2b0?cid=9950ac751e34487dbbe027c4fd7f8e99","false","63","TR0110500258","spotify:user:","1970-01-01T00:00:00Z"
"spotify:track:4ySHSJw95jpVyBhdsLeK8b","Son Mektup","spotify:artist:1tgfi3YYoeXKehnjKaMsOo","Nilipek.","spotify:album:5NdGUq014kqLkVdaQ9QTV1","Son Mektup (Bir Aşk İki Hayat Orijinal Film Müziği)","spotify:artist:1tgfi3YYoeXKehnjKaMsOo","Nilipek.","2019-02-11","https://i.scdn.co/image/ab67616d0000b2736f991036e23fd92d669bb48c","1","1","142420","https://p.scdn.co/mp3-preview/030511d51fba3267dfe542d94b3b33afc45ab311?cid=9950ac751e34487dbbe027c4fd7f8e99","false","52","TRAHJ1800033","spotify:user:","1970-01-01T00:00:00Z"
"spotify:track:7IExKuaQ33gtHIOYQz6zb6","Mesafe","spotify:artist:7BJjzi0JHyDHAsmVe21dGa","Serdar Ortaç","spotify:album:0wJbxaUr4FeCXU0gi4kcVa","Mesafe","spotify:artist:7BJjzi0JHyDHAsmVe21dGa","Serdar Ortaç","2006-04-25","https://i.scdn.co/image/ab67616d0000b2736ec24cd9406bdeee20a36a4f","1","4","301960","https://p.scdn.co/mp3-preview/bb51b422f434ee38fa38ea2ecbe95798bf8c1b44?cid=9950ac751e34487dbbe027c4fd7f8e99","false","67","TR0070600003","spotify:user:","1970-01-01T00:00:00Z"
"spotify:track:1cwth5tNynCfH2ZYCmShDc","Pembe Mezarlık","spotify:artist:23xJQJM7peht77DF6YNEoq","Model","spotify:album:7tF0MZQNVA3pRwwcwN4obL","Diğer Masallar","spotify:artist:23xJQJM7peht77DF6YNEoq","Model","2011-02-16","https://i.scdn.co/image/ab67616d0000b2733f5526e4e33d3ae8d79db0b1","1","5","255346","https://p.scdn.co/mp3-preview/54f1763f90f8cad5718d4ab4345f9ea742bfb80c?cid=9950ac751e34487dbbe027c4fd7f8e99","false","65","TR9491100005","spotify:user:","1970-01-01T00:00:00Z"
"spotify:track:6b0iQwJFAjQz8bwJbUIUQb","Haydi Gel İçelim","spotify:artist:3SrFQDUN5DXQDZc3kygriW","Yüksek Sadakat","spotify:album:2CZ5W1P7b1kZZudpiwAvnY","Katil & Maktül","spotify:artist:3SrFQDUN5DXQDZc3kygriW","Yüksek Sadakat","2008","https://i.scdn.co/image/ab67616d0000b273f07e1c234bb1058d11b45309","1","4","250440","https://p.scdn.co/mp3-preview/82cf3d27f415b497a787f7af156af3bc0ae4f380?cid=9950ac751e34487dbbe027c4fd7f8e99","false","65","TR0010800019","spotify:user:","1970-01-01T00:00:00Z"
"spotify:track:0CAfuar3aEp8q9mKu99al9","Söyle Canım","spotify:artist:6zzBsqAEDo53s2dSeZzWvo","Erol Evgin","spotify:album:1dVSH8SYDaWkPXthMWQzzg","Söyle Canım / Hep Böyle Kal","spotify:artist:6zzBsqAEDo53s2dSeZzWvo","Erol Evgin","1980","https://i.scdn.co/image/ab67616d0000b273c39ccaf151b90fa55ee4efa8","1","1","210500","https://p.scdn.co/mp3-preview/0218164ec360b70e2310d9d048771456a885782a?cid=9950ac751e34487dbbe027c4fd7f8e99","false","58","TRAJY1511759","spotify:user:","1970-01-01T00:00:00Z"
"spotify:track:1O8WpKURk9MawnBVJTjfxN","Kırmızı","spotify:artist:08mjMUUjyTchMHCW7evc3R","Hande Yener","spotify:album:0co4E8uXbdpyFIBnId7Naa","Aşk Kadın Ruhundan Anlamıyor","spotify:artist:08mjMUUjyTchMHCW7evc3R","Hande Yener","2012-06-04","https://i.scdn.co/image/ab67616d0000b273822f959747bf05927766527b","1","1","212560","https://p.scdn.co/mp3-preview/c203b86d9dd829ae16f67b3426fcc7d3537b4da1?cid=9950ac751e34487dbbe027c4fd7f8e99","false","67","TR0210500017","spotify:user:","1970-01-01T00:00:00Z"
"spotify:track:2GG3iusyjfo1la88asOCZK","Matmazel","spotify:artist:1oR56GSDAFgtdKmSl6qU1r","Halodayı","spotify:album:0EnMXQFLKk485luvrxO5D9","Matmazel","spotify:artist:1oR56GSDAFgtdKmSl6qU1r","Halodayı","2022-06-03","https://i.scdn.co/image/ab67616d0000b273636440fea29d940ce4d3781b","1","1","128571","https://p.scdn.co/mp3-preview/04a26c9dddf7adb9d40438a1d298f7afd0ee45d1?cid=9950ac751e34487dbbe027c4fd7f8e99","false","65","TRCCU2200154","spotify:user:","1970-01-01T00:00:00Z"
"spotify:track:75Qj8i60Js6UW4NbWyQgia","Olmaz Olsun","spotify:artist:4i4ALRtQQmFxn3BCIB6iC0","Göksel","spotify:album:0ozI8sbAu9PRzc66xBnO8y","Hayat Rüya Gibi...","spotify:artist:4i4ALRtQQmFxn3BCIB6iC0","Göksel","2010-04-26","https://i.scdn.co/image/ab67616d0000b2736dce96b06b992aec38ff8c9b","1","11","172355","https://p.scdn.co/mp3-preview/5a2b7226aab0fcb4da795ad30291355a4cbbd3a4?cid=9950ac751e34487dbbe027c4fd7f8e99","false","49","TR0531002374","spotify:user:","1970-01-01T00:00:00Z"
"spotify:track:7DCwqBp1HcEHXbwgVrmQxm","Bil Diye Söylüyorum","spotify:artist:2IiSMrjpXiteqhISWXkdUG","Sibel Can","spotify:album:2P4bBDzt5lpOxmfLSesqwh","Hayat","spotify:artist:2IiSMrjpXiteqhISWXkdUG","Sibel Can","2020-08-14","https://i.scdn.co/image/ab67616d0000b273bf161f9047e7ea372672f2cb","1","6","250698","https://p.scdn.co/mp3-preview/b5775828a6fcf8b95422b863d94bcff3c52658e9?cid=9950ac751e34487dbbe027c4fd7f8e99","false","55","TRANG2000034","spotify:user:","1970-01-01T00:00:00Z"
"spotify:track:6WFiu2h2yeFaK2XVOeLgcG","Kanatlarım Var Ruhumda","spotify:artist:1PpRPZXSS5ka7m5NW2TO7q","Nil Karaibrahimgil","spotify:album:5tDEWY9CimuxMXls6p89kX","Kanatlarım Var Ruhumda","spotify:artist:1PpRPZXSS5ka7m5NW2TO7q","Nil Karaibrahimgil","2014-02-12","https://i.scdn.co/image/ab67616d0000b273317bb846c1e7af1e4754e077","1","1","184080","https://p.scdn.co/mp3-preview/9b87358ee7a88ed850e2da1faa1b860d35e4bfb6?cid=9950ac751e34487dbbe027c4fd7f8e99","false","61","TRABT1300046","spotify:user:","1970-01-01T00:00:00Z"
"spotify:track:40Fr7DB1j6RB2DqygQI4LI","Holocaust","spotify:artist:28Qbi9jTj2eej21P2mImZI","Ceza","spotify:album:2rXqr1wMTX1ULlszIUT1lr","Rapstar","spotify:artist:28Qbi9jTj2eej21P2mImZI","Ceza","2004-07-01","https://i.scdn.co/image/ab67616d0000b2732a07bf1912730d354453a4ca","1","3","207746","https://p.scdn.co/mp3-preview/ba8e51400e5e07d9b44722982728a7b6ddabbf70?cid=9950ac751e34487dbbe027c4fd7f8e99","false","64","TR0640600079","spotify:user:","1970-01-01T00:00:00Z"
"spotify:track:6lN8zGW83p9Ee4TJWedanB","Teni Tenime","spotify:artist:7CW2eGwAuElNq09rVtZYsM","Sena Şener","spotify:album:4dJnUvIIMRvTq7un0DXS1V","Teni Tenime","spotify:artist:7CW2eGwAuElNq09rVtZYsM","Sena Şener","2020-03-13","https://i.scdn.co/image/ab67616d0000b27384e043cd1528ed670f251ea1","1","1","196099","https://p.scdn.co/mp3-preview/e55f9db8e3250ed203f7e3409ceee6cae3fe55bc?cid=9950ac751e34487dbbe027c4fd7f8e99","false","67","TR0442025801","spotify:user:","1970-01-01T00:00:00Z"
"spotify:track:3ZkA3JnqluUWzwr64BBkl4","Cambaz","spotify:artist:5ixQSDvAMa5O758xG8MWXT","mor ve ötesi","spotify:album:0QbpgPjg5eOU5ltJ05r4V7","Dünya Yalan Söylüyor","spotify:artist:5ixQSDvAMa5O758xG8MWXT","mor ve ötesi","2004-04-16","https://i.scdn.co/image/ab67616d0000b27361cd6f5ad7c69b76adbc5419","1","2","230600","https://p.scdn.co/mp3-preview/ceaf95988b240089a1d593d98369c56e2e4a34fc?cid=9950ac751e34487dbbe027c4fd7f8e99","false","67","TR0440600102","spotify:user:","1970-01-01T00:00:00Z"
"spotify:track:0zLCBJZSiELJf02ucPP9wb","Roses - Imanbek Remix","spotify:artist:0H39MdGGX6dbnnQPt6NQkZ, spotify:artist:5rGrDvrLOV2VV8SCFVGWlj","SAINt JHN, Imanbek","spotify:album:1OmWlObj9gAwNnTNgxBUmz","While The World Was Burning","spotify:artist:0H39MdGGX6dbnnQPt6NQkZ","SAINt JHN","2020-11-20","https://i.scdn.co/image/ab67616d0000b273401883269b2ca70bc343a7d0","1","14","176867","","true","54","RUB421901499","spotify:user:","1970-01-01T00:00:00Z"
"spotify:track:2G8uYPKcg3HAMnyxAEAwpH","Bir Bakmışsın","spotify:artist:46zuW8tHxwahYn7VNMgYTa","Yalın","spotify:album:4lefgXP8RY8zV7QLQ7DJvS","Bir Bakmışsın","spotify:artist:46zuW8tHxwahYn7VNMgYTa","Yalın","2005-04-13","https://i.scdn.co/image/ab67616d0000b273f59991afdff07d111f06a068","1","2","232907","https://p.scdn.co/mp3-preview/ba36cb5602ec354d3586a29df0516401fdbd9927?cid=9950ac751e34487dbbe027c4fd7f8e99","false","62","TR0440600802","spotify:user:","1970-01-01T00:00:00Z"
"spotify:track:3jM12sAVBL1xjzqbavzQDj","Birden Geldin Aklıma","spotify:artist:799GDxXgsUDuGSbh5HJ3Kv, spotify:artist:7CW2eGwAuElNq09rVtZYsM","Tuna Kiremitçi, Sena Şener","spotify:album:7L4riKGVWO2FTzpv5Pt4Bc","Tuna Kiremitçi ve Arkadaşları","spotify:artist:799GDxXgsUDuGSbh5HJ3Kv","Tuna Kiremitçi","2017-01-06","https://i.scdn.co/image/ab67616d0000b27358270a605e53c3920b600cc2","1","9","216611","https://p.scdn.co/mp3-preview/0d874778955d4935b54f0dbcc82a578a3e16cf1c?cid=9950ac751e34487dbbe027c4fd7f8e99","false","65","TR0441618909","spotify:user:","1970-01-01T00:00:00Z"
"spotify:track:5YUjVwnxQeYJAxq6bElGWU","Hikayem Bitmedi","spotify:artist:3vJJGsSAF5zQegZo5sJEh6","Can Bonomo","spotify:album:6mjj1uee1pMN5VvrekxIYT","Bulunmam Gerek","spotify:artist:3vJJGsSAF5zQegZo5sJEh6","Can Bonomo","2014-12-15","https://i.scdn.co/image/ab67616d0000b27380cb1ec0ca1c857dfccecfde","1","3","184954","https://p.scdn.co/mp3-preview/f6308dcf3510bdeaf32b33aea926db7ffe81b867?cid=9950ac751e34487dbbe027c4fd7f8e99","false","63","TR0531405462","spotify:user:","1970-01-01T00:00:00Z"
"spotify:track:1x3Ow6I8AbWQyWHXFm5HzP","ANORMAL","spotify:artist:1EPZusBDP8yewhsaKtwktz","ALIZADE","spotify:album:4N73K1AtTOM4p5HXN3s8Nh","ANORMAL","spotify:artist:1EPZusBDP8yewhsaKtwktz","ALIZADE","2022-08-26","https://i.scdn.co/image/ab67616d0000b273513db6f6f9ed7fe2a52db9ee","1","1","114000","https://p.scdn.co/mp3-preview/9c6bf62851efd7052b2f937ad09d7745dd68be6a?cid=9950ac751e34487dbbe027c4fd7f8e99","true","65","QMBZ92265663","spotify:user:","1970-01-01T00:00:00Z"
"spotify:track:4oNFpReTeO8DlVcdJINHsX","Yediverenim","spotify:artist:6g7GF7BLC41JTHJwgB4wQW","Funda Arar","spotify:album:7qJXluMkVb8aBsC8OMPlQK","Hoşgeldin","spotify:artist:6g7GF7BLC41JTHJwgB4wQW","Funda Arar","2014","https://i.scdn.co/image/ab67616d0000b2734e0297df5504645f2383133c","1","10","205199","https://p.scdn.co/mp3-preview/fbfab3749e4ba70767b37c04301d8191c749913f?cid=9950ac751e34487dbbe027c4fd7f8e99","false","62","TR0011400348","spotify:user:","1970-01-01T00:00:00Z"
"spotify:track:46UkjegvgJV87vsCyYWvQp","Beni Sen İnandır","spotify:artist:4Bdqzh78prwuqwInMb555P","Pinhani","spotify:album:3JZ934LF60UGYSx5dwgJxR","Kediköy","spotify:artist:4Bdqzh78prwuqwInMb555P","Pinhani","2016-01-08","https://i.scdn.co/image/ab67616d0000b2737acdac85164150b09b48df35","1","5","224716","https://p.scdn.co/mp3-preview/0c7cef22757b8a9c9c73db3afe4f636d8cf04767?cid=9950ac751e34487dbbe027c4fd7f8e99","false","64","TR0011500556","spotify:user:","1970-01-01T00:00:00Z"
"spotify:track:7ySUcLPVX7KudhnmNcgY2D","S&M","spotify:artist:5pKCCKE2ajJHZ9KAiaK11H","Rihanna","spotify:album:5QG3tjE5L9F6O2vCAPph38","Loud (Japan Version)","spotify:artist:5pKCCKE2ajJHZ9KAiaK11H","Rihanna","2010-01-01","https://i.scdn.co/image/ab67616d0000b27331548865f7c729290b96c794","1","1","243600","https://p.scdn.co/mp3-preview/6df4d34ea5aba149846ff5a2e10209dad5b2d1fd?cid=9950ac751e34487dbbe027c4fd7f8e99","true","84","USUM71026591","spotify:user:","1970-01-01T00:00:00Z"
"spotify:track:1xmAW8yK4o2kFIgPT5RCxD","Gelsin Hayat Bildiği Gibi","spotify:artist:28Qbi9jTj2eej21P2mImZI, spotify:artist:64d1rUxfizSAOE9UbMnUZd","Ceza, Sezen Aksu","spotify:album:10CwjWqsjmBVbs1eOHcFz5","Yerli Plaka","spotify:artist:28Qbi9jTj2eej21P2mImZI","Ceza","2007-02-13","https://i.scdn.co/image/ab67616d0000b2734a7f13cd6d9d7d1ab9bfda35","1","3","295826","https://p.scdn.co/mp3-preview/3cf8dd7c3e2b85117d18f426b0af553d3d712497?cid=9950ac751e34487dbbe027c4fd7f8e99","false","67","TR0640600018","spotify:user:","1970-01-01T00:00:00Z"
"spotify:track:48laGKFr73HmALqSKqlzv0","Benim İçin Üzülme","spotify:artist:0OjAaymO59uGiFmfpJrQpl","Bergen","spotify:album:75qpnDwZZv4o7rfxoykj2H","Acıların Kadını","spotify:artist:0OjAaymO59uGiFmfpJrQpl","Bergen","1998-06-18","https://i.scdn.co/image/ab67616d0000b273f3ced05792546f8eae493fb5","1","4","302641","https://p.scdn.co/mp3-preview/33af239c16883704943fcf0c34a89f6e9002ccc5?cid=9950ac751e34487dbbe027c4fd7f8e99","false","60","TR1290600042","spotify:user:","1970-01-01T00:00:00Z"
"spotify:track:5G8EeDWPSoLYl5ba9yE0aP","Benden Sana","spotify:artist:1PpRPZXSS5ka7m5NW2TO7q","Nil Karaibrahimgil","spotify:album:0y8kN6n66co1EbYPCzSE98","Benden Sana","spotify:artist:1PpRPZXSS5ka7m5NW2TO7q","Nil Karaibrahimgil","2017-03-24","https://i.scdn.co/image/ab67616d0000b273cfed060bf733693b1dc4444a","1","1","183168","https://p.scdn.co/mp3-preview/e653b567a83b31a5f75c3b608596095a5560ffa6?cid=9950ac751e34487dbbe027c4fd7f8e99","false","59","FR96X1803079","spotify:user:","1970-01-01T00:00:00Z"
"spotify:track:7Is0OPWVcN8DdZpcNuClcy","Feel (feat. Sena Sener) - Radio Edit","spotify:artist:3t8WiyalpvnB9AObcMufiE, spotify:artist:7CW2eGwAuElNq09rVtZYsM","Mahmut Orhan, Sena Şener","spotify:album:1IIRSV2JGOm5a6GEhDBcet","Feel (feat. Sena Sener) [Radio Edit]","spotify:artist:3t8WiyalpvnB9AObcMufiE","Mahmut Orhan","2016-02-17","https://i.scdn.co/image/ab67616d0000b273ab4ebea549bc4ad0407e69e3","1","1","172558","https://p.scdn.co/mp3-preview/fd713063fe8a857f1121be95a78a15a637b47dcc?cid=9950ac751e34487dbbe027c4fd7f8e99","false","65","CAI7Z1600001","spotify:user:","1970-01-01T00:00:00Z"
